class,video_name
smoke,92D80861
smoke,C0D79154
smoke,51579B86
smoke,48A3DEB9
smoke,C51CDC88
smoke,1DDE6310
smoke,E5AFEB6E
smoke,284FF5A9
smoke,8287D066
smoke,13F42D1C
smoke,88026695
smoke,4CBB2C53
smoke,CBA920C7
smoke,85F4C02E
smoke,89A7A68C
smoke,0C8796AD
smoke,D87F48D4
smoke,805B91D2
smoke,25BCEE05
smoke,D99443AD
smoke,EEE2C23E
smoke,0F07C665
smoke,D7ABBBB4
smoke,D7BA8E17
smoke,2AC0A239
smoke,D929EC9F
smoke,7EF777EB
smoke,890D0249
smoke,3721D24C
smoke,26E44E63
smoke,5F0571F0
smoke,6A6A2766
smoke,6B3EAB18
smoke,A88862BF
smoke,69F41CBB
smoke,04B3E562
brush_hair,DBBC6D8D
brush_hair,08E09BB2
brush_hair,C4845AD1
brush_hair,69A226C4
brush_hair,445F9546
brush_hair,35272483
brush_hair,A0CB7C82
brush_hair,D35489FB
brush_hair,F22FF969
brush_hair,F7EDC511
brush_hair,95F1C504
brush_hair,F24EB2B7
brush_hair,40619D8D
brush_hair,6FF965CF
brush_hair,CE0B3133
brush_hair,43DBC797
brush_hair,DEF7EC9F
brush_hair,D42F1103
brush_hair,CC26D6FE
brush_hair,C4033D2E
brush_hair,56400C9D
brush_hair,73FC219E
brush_hair,274DECA0
brush_hair,4EB91FCB
brush_hair,40728647
brush_hair,F2F39F61
brush_hair,15C14070
brush_hair,2BA58076
brush_hair,1C53D816
brush_hair,90F51628
brush_hair,A1C2A9A8
brush_hair,36367EAE
brush_hair,EFA6D40F
brush_hair,120EA2B8
brush_hair,BA122D12
brush_hair,081F6C1C
throw,30E27013
throw,6260760A
throw,752FFF0F
throw,F6094ADA
throw,D1FDF0EF
throw,7E28A213
throw,8079A788
throw,CED8457D
throw,A2B51CEA
throw,C3079CFF
throw,0BEF3181
throw,CE659531
throw,858AE257
throw,4F65861B
throw,C2C09385
throw,59E39475
throw,7999D475
throw,B0DABF01
throw,E7C125BA
throw,EF8D4F24
throw,B20C36A4
throw,63C2D3A5
throw,B2126F3C
throw,557E7BFA
throw,3B28662C
throw,A1C36300
throw,58AE34C7
throw,C1095B84
throw,33D7F549
throw,EC6388EB
throw,B0000DAA
throw,29D3EE12
throw,E154B866
throw,64EB50A4
throw,59E33C2E
throw,3A950109
shoot_bow,7EF11156
shoot_bow,CCAD9B36
shoot_bow,2C90829F
shoot_bow,9AFD74E6
shoot_bow,F3FDFF5D
shoot_bow,D57FDEFF
shoot_bow,A63E46EE
shoot_bow,0D1CFB09
shoot_bow,0AFC70F4
shoot_bow,54A83AAC
shoot_bow,0E6D5C1F
shoot_bow,F7EC5DE5
shoot_bow,526A690F
shoot_bow,16322E75
shoot_bow,972F44E1
shoot_bow,E77B56DE
shoot_bow,93A01810
shoot_bow,3202C15A
shoot_bow,7511044D
shoot_bow,F9DA18EE
shoot_bow,806CFE93
shoot_bow,6484B39A
shoot_bow,C7370E52
shoot_bow,EAF64EC8
shoot_bow,2D5EB203
shoot_bow,D521C1D4
shoot_bow,E93A3472
shoot_bow,15DFC41A
shoot_bow,F6BDF2E2
shoot_bow,880B973A
shoot_bow,0AFEE001
shoot_bow,82A9F669
shoot_bow,A2FEA0EE
shoot_bow,4D8078FE
shoot_bow,75A9A060
shoot_bow,B3EA1B49
pullup,4EB0319C
pullup,EAE60376
pullup,55ACC10E
pullup,8DB634BA
pullup,B38C80A9
pullup,0A4A5677
pullup,87AF0BEB
pullup,CA4AFEAE
pullup,FE0D1DD7
pullup,3C42F305
pullup,349F4A8D
pullup,FB5DA579
pullup,83A6CCEF
pullup,1761EC22
pullup,A00DD8FF
pullup,33B9D59A
pullup,E5B5C0E9
pullup,3FADD8DE
pullup,0C18F03D
pullup,2FA19DE2
pullup,98B3B5A3
pullup,6281BF32
pullup,8BAAA8FC
pullup,9758D233
pullup,7A42B045
pullup,22D6605D
pullup,2A087E0B
pullup,BB6AF5DF
pullup,A877348D
pullup,DAABF382
pullup,93998864
pullup,A37B0B1F
pullup,A0C1E577
pullup,E6034F39
pullup,5BB09D20
pullup,DA0DFFC2
cartwheel,18637770
cartwheel,AC4BE5E7
cartwheel,321C4E76
cartwheel,4D20D1AE
cartwheel,65AE4E4F
cartwheel,8FDB9DEF
cartwheel,CAB922FF
cartwheel,70AB4127
cartwheel,51C83117
cartwheel,68CFD3DD
cartwheel,41F69CDF
cartwheel,3C03D9E1
cartwheel,E0258DE3
cartwheel,A0A7676C
cartwheel,02C4D694
cartwheel,5814165F
cartwheel,BF49A8AC
cartwheel,7379723D
cartwheel,D742CFD9
cartwheel,22CA6A90
cartwheel,D70372E6
cartwheel,9F924302
cartwheel,65954EBB
cartwheel,F7623939
cartwheel,B52B22B7
cartwheel,5ECA129D
cartwheel,7EB42E93
cartwheel,53720EE7
cartwheel,68BCC552
cartwheel,52137630
cartwheel,653F2CFC
cartwheel,A6EB8A5E
cartwheel,0BE10925
cartwheel,3CE1FC9C
cartwheel,4778972C
cartwheel,C3DF9C90
wave,1273F545
wave,30FE507D
wave,489776EA
wave,2DC53323
wave,E16E6ECA
wave,CA66BD35
wave,760E2F4E
wave,2BB1CD1D
wave,8F0FCE3B
wave,DDC63227
wave,9F0FE4AC
wave,C4C70408
wave,82CE4DFB
wave,8FB4A52F
wave,9BF26B8F
wave,7F95EC4B
wave,3B71DA4A
wave,D08644E7
wave,A3E13D35
wave,4F1E0382
wave,FD873E28
wave,A952DD15
wave,47219BB0
wave,3AB7E0BB
wave,ACB63DCF
wave,BDE086A6
wave,EF1A4EA4
wave,10EED862
wave,8A8BA419
wave,831F872B
wave,CA550F91
wave,D57AB0AD
wave,D245FCFA
wave,353237F7
wave,7937CA68
wave,C6E07F42
smile,BBCD8397
smile,4CB8CD85
smile,84283E9B
smile,B509E9B8
smile,E2DD2A90
smile,4760934B
smile,89639424
smile,0152FB7C
smile,E49244EC
smile,7009FB0C
smile,6B0C764B
smile,E6FF9C80
smile,8F5C87A9
smile,2CD03AFE
smile,691843DF
smile,730B9099
smile,E4364797
smile,4FC7FE09
smile,4A705903
smile,E738F63A
smile,2AE87177
smile,997A6F10
smile,D71445A8
smile,CDB3E5C2
smile,F1759286
smile,45D523EF
smile,C523293C
smile,02110AC6
smile,3AAA0664
smile,E89DDD5D
smile,147EA8EB
smile,E392E6FF
smile,F11051A0
smile,11794615
smile,1DC68036
smile,FEB46517
golf,779F88DF
golf,13874F38
golf,B1FF4F51
golf,CDCAE8FA
golf,D359BF0D
golf,707ADD73
golf,64F806F6
golf,E67942C9
golf,A55324DC
golf,4E4CAEA6
golf,A5A331F9
golf,69A71E1F
golf,A416C9F9
golf,A8D70F69
golf,11D53158
golf,496E9253
golf,243498C7
golf,05AA4C92
golf,3F6A394F
golf,3188A557
golf,84B7B9E6
golf,5AAAA023
golf,90CEB194
golf,13901A54
golf,EFF39595
golf,F29C0D39
golf,42B710F6
golf,16FB0619
golf,F88DDC48
golf,E8AEBC84
golf,D21D0976
golf,61B43FC9
golf,C9352C4C
golf,CDB0C6F0
golf,36332330
golf,DD94856A
fencing,8ADE59DE
fencing,47880639
fencing,09BEBEC7
fencing,60220048
fencing,A75101C6
fencing,96C197C1
fencing,732F27EE
fencing,89FF5970
fencing,C7E37273
fencing,4154A2AD
fencing,1EF6E0D9
fencing,C2153721
fencing,A872B64F
fencing,849D9AB6
fencing,F1951A95
fencing,DA007A75
fencing,8B26CCF0
fencing,8017C479
fencing,94EE2591
fencing,B84F2268
fencing,97665D49
fencing,E4D30F14
fencing,19DB8DD6
fencing,4F270EC7
fencing,9EAB0942
fencing,54D173FF
fencing,B37791D5
fencing,01B37C02
fencing,33D786F5
fencing,922B15D1
fencing,302F2ABE
fencing,33B2C741
fencing,157A0518
fencing,6E39C993
fencing,C01940F6
fencing,E285C7C4
ride_bike,3EA6F2EC
ride_bike,EB0E3F1C
ride_bike,E8F5986C
ride_bike,DC2ECCE6
ride_bike,A06B62B0
ride_bike,9B0ACD34
ride_bike,C7F5294E
ride_bike,E01B68B9
ride_bike,C0BC2937
ride_bike,1AD91193
ride_bike,E4464833
ride_bike,531B921F
ride_bike,9B668EF9
ride_bike,2E55DBCD
ride_bike,3375819C
ride_bike,BA741E98
ride_bike,F92ACBCB
ride_bike,30CF7822
ride_bike,CD6397C9
ride_bike,18E543F1
ride_bike,F20B6599
ride_bike,DFC8D6E6
ride_bike,E2F967F7
ride_bike,1F13FCF0
ride_bike,09EC3E36
ride_bike,CDB10F68
ride_bike,5A7929C2
ride_bike,D2C2B3ED
ride_bike,EFC3CC58
ride_bike,4755E772
ride_bike,48CF8762
ride_bike,38381B49
ride_bike,ADDC376E
ride_bike,94FD2097
ride_bike,9098FDC8
ride_bike,ACEE91DD
pushup,C2242C37
pushup,03FC611A
pushup,41D02C49
pushup,46CD7004
pushup,4C984525
pushup,75AE40A2
pushup,E84F915B
pushup,29B9CE5E
pushup,6AA2CB7E
pushup,3A75F47A
pushup,DAAD063C
pushup,6D1813A2
pushup,1040F92C
pushup,C8CD3F35
pushup,11C6B4B3
pushup,343AE2C8
pushup,520F9B86
pushup,2BF7305D
pushup,7F0CE782
pushup,3C727EE8
pushup,FF7D3A8B
pushup,E902012C
pushup,6F12C3F9
pushup,13DAECCE
pushup,526448C7
pushup,1CD59967
pushup,4C621AC6
pushup,6DAEDFFB
pushup,5A78F7B5
pushup,C7ED5717
pushup,FEAF23FF
pushup,4EAF5E59
pushup,7FC83973
pushup,7745389F
pushup,1BFA697E
pushup,C06E758C
climb,23CA81CA
climb,0B39E2E8
climb,51E99454
climb,B052D56B
climb,562AB096
climb,C71477FE
climb,53884CEA
climb,206E4910
climb,A10FC80B
climb,E57E52E0
climb,4D73CD8E
climb,E0D38C01
climb,04ECD356
climb,7E16232E
climb,DAFEA40C
climb,D539339F
climb,50701282
climb,90533C06
climb,15036023
climb,B2AECAF7
climb,CFEA33A3
climb,5422680C
climb,031E98AF
climb,73D3621B
climb,58E250C2
climb,DFEE2197
climb,BE85F9F1
climb,746C816D
climb,B150116B
climb,3816EF41
climb,57281591
climb,8836A48B
climb,2E88A751
climb,E2B40343
climb,D09CF8D0
climb,11E1BC1D
kiss,CED28A4B
kiss,92603034
kiss,6F909DB0
kiss,8ED0F484
kiss,319F3B09
kiss,E28E8488
kiss,BB6DB6E1
kiss,906657CC
kiss,D57B4679
kiss,D1391A0A
kiss,C0694FED
kiss,0ECF537C
kiss,04EC884E
kiss,56E28AB5
kiss,7FEE9C93
kiss,C6FBE648
kiss,A0EF5D26
kiss,7BDC5CFF
kiss,F5903AC4
kiss,842E12DE
kiss,5952BFCB
kiss,E0EEB16A
kiss,F4ADA39A
kiss,DAC5428F
kiss,439BE89F
kiss,8E910CA6
kiss,3475267A
kiss,7DD1DFEB
kiss,F2E34D1D
kiss,51EF03E4
kiss,836BF4F0
kiss,DCC9AF78
kiss,7765330B
kiss,FD51D7AB
kiss,CE0A7621
kiss,2971ED08
flic_flac,C1F01155
flic_flac,8D4C070E
flic_flac,AF5A9E43
flic_flac,82A6767D
flic_flac,2108EEDC
flic_flac,B2D4619C
flic_flac,85929A18
flic_flac,06599F48
flic_flac,23B9C570
flic_flac,194A81C2
flic_flac,C2DADF99
flic_flac,A3A711DC
flic_flac,2B8D63AF
flic_flac,FABB2876
flic_flac,417AA3B6
flic_flac,778E89F9
flic_flac,CCD1ADA2
flic_flac,A62D401D
flic_flac,AA62B8AE
flic_flac,233D6053
flic_flac,C795D604
flic_flac,3DCB192F
flic_flac,A682186A
flic_flac,5A0E0152
flic_flac,CE8A9177
flic_flac,AF53608B
flic_flac,1A50815B
flic_flac,436D314F
flic_flac,08279DED
flic_flac,46B1B2E3
flic_flac,409DF989
flic_flac,9AC3A75E
flic_flac,C11B6DC5
flic_flac,336AFFC7
flic_flac,2A17B5D0
flic_flac,DF9B21AA
catch,85438CA2
catch,ECC1E51A
catch,924D9ECD
catch,6E0D2FF9
catch,0575362A
catch,F64197EB
catch,D7815628
catch,317FBBA3
catch,870BA316
catch,D66129CE
catch,BCCC07A7
catch,D0448A88
catch,E28A4B82
catch,46129A2A
catch,90E3B4EC
catch,403A9458
catch,E2B43C68
catch,36CDD15C
catch,8726DBF9
catch,5BB24F85
catch,486A7ECB
catch,1B420CC6
catch,F5E92B4B
catch,12BFC8CA
catch,50339C2C
catch,BA7AA980
catch,5A7554B4
catch,EB2CED0F
catch,F7D48CC7
catch,DE04CC4A
catch,92F2EBD8
catch,CF0EF147
catch,A002C494
catch,32B48E72
catch,008E5934
catch,3628A24E
draw_sword,975C2BA3
draw_sword,D7E82A3B
draw_sword,95DBD48A
draw_sword,9335A0A2
draw_sword,843FF4A2
draw_sword,41E74338
draw_sword,600D12C0
draw_sword,DD16BE0A
draw_sword,45B49BD0
draw_sword,245FD77D
draw_sword,E6D4195E
draw_sword,B66CE371
draw_sword,46A21E4A
draw_sword,5BFCA880
draw_sword,2B6FC39A
draw_sword,98C04573
draw_sword,9BBEA014
draw_sword,0893D870
draw_sword,CC291C83
draw_sword,B3DE35CB
draw_sword,C1EB06A4
draw_sword,8B9E7BBF
draw_sword,0E690C9C
draw_sword,03540F2E
draw_sword,349844F7
draw_sword,0BC024BD
draw_sword,DFB1E7AF
draw_sword,C2E4ED0F
draw_sword,00149995
draw_sword,C470E4D5
draw_sword,F7776E59
draw_sword,9CD4F5E2
draw_sword,AE19222A
draw_sword,61BEF3EC
draw_sword,3FB9BD2A
draw_sword,7D578D74
handstand,60CB374C
handstand,99524673
handstand,0AE9656E
handstand,10A4D79C
handstand,36D63F0B
handstand,C5302993
handstand,9F61FD2F
handstand,F3EF24EB
handstand,3613DA58
handstand,6EA0339B
handstand,3A09EA87
handstand,38E8329A
handstand,B7A33508
handstand,AA994B6C
handstand,9FC7856C
handstand,269805F5
handstand,7FA4A810
handstand,302B937B
handstand,E5B32EF8
handstand,B7386376
handstand,3D9FFEAA
handstand,89A4AE8B
handstand,83AD1430
handstand,6510A9FF
handstand,F333EF56
handstand,41961190
handstand,46441FF4
handstand,8714F58D
handstand,A344A0B6
handstand,1B619602
handstand,C66E120F
handstand,98E235AE
handstand,12353461
handstand,41438375
handstand,FB5C7E46
handstand,95B36278
shoot_gun,0C01C4A0
shoot_gun,E46D4B84
shoot_gun,B14F0E57
shoot_gun,F1192C18
shoot_gun,4A338D3B
shoot_gun,59C261EF
shoot_gun,9D7B1B0A
shoot_gun,961C1653
shoot_gun,3C7C8B31
shoot_gun,04D64EF4
shoot_gun,6C997EA8
shoot_gun,375F2CC4
shoot_gun,02252430
shoot_gun,B15BFC91
shoot_gun,E3DD9F91
shoot_gun,72906CAE
shoot_gun,A8851C0D
shoot_gun,B610FF93
shoot_gun,0202203C
shoot_gun,4DA807B2
shoot_gun,6AA498B5
shoot_gun,AA64A7B4
shoot_gun,901E58D2
shoot_gun,7BBCC3D7
shoot_gun,850FD904
shoot_gun,E07D4F53
shoot_gun,6D97F64D
shoot_gun,48AC1462
shoot_gun,F204D471
shoot_gun,C6950BA2
shoot_gun,FC9C54B0
shoot_gun,6E0CD37F
shoot_gun,768D4F48
shoot_gun,60103E6B
shoot_gun,979E18DC
shoot_gun,618EF471
climb_stairs,F4D9BF2A
climb_stairs,5A6FBA90
climb_stairs,AAD04AD6
climb_stairs,DCFB68C9
climb_stairs,DC8EF74E
climb_stairs,5C447764
climb_stairs,B433C1CB
climb_stairs,E79BB0FC
climb_stairs,E0EF539C
climb_stairs,F7B777D1
climb_stairs,19FC2660
climb_stairs,3463BE7F
climb_stairs,1D03F52E
climb_stairs,19A7E3AC
climb_stairs,56907AA3
climb_stairs,696FE37A
climb_stairs,57D1F0E8
climb_stairs,A0E0A7E2
climb_stairs,87ADD2B6
climb_stairs,625A0704
climb_stairs,EFD07F7D
climb_stairs,5D41FB72
climb_stairs,6866E9CD
climb_stairs,180C32B7
climb_stairs,28AE9E94
climb_stairs,B381A65F
climb_stairs,92B1B486
climb_stairs,A0ED139B
climb_stairs,768C7CB4
climb_stairs,D386ECE4
climb_stairs,A64A8DDB
climb_stairs,FA2CB74A
climb_stairs,F59D6A21
climb_stairs,0A05C515
climb_stairs,4CC184DD
climb_stairs,467B0318
pick,EEF4717C
pick,3578EF65
pick,BC08F1A5
pick,5CB19014
pick,10ACF68C
pick,9BEAC9D8
pick,25421474
pick,E86BB140
pick,AB6686B0
pick,09F04F45
pick,A6A4E51C
pick,5BBE1C8F
pick,2A3C8E3F
pick,BAF035CD
pick,822749B8
pick,46454DE6
pick,A0E8AA11
pick,23A70391
pick,B234D56A
pick,6475253C
pick,FFB0252F
pick,F8559BCB
pick,7E935F14
pick,8BA61307
pick,0EE3A3E3
pick,23ED8287
pick,A90E9198
pick,002B637E
pick,F37567A4
pick,3FA63C0D
pick,CB331CF6
pick,5E23A0BF
pick,A2C97B5F
pick,4BC0D1CB
pick,CBEDD2B1
pick,83121923
chew,890B1AA0
chew,DB80D8F7
chew,5862A5D3
chew,4601568D
chew,B6ED74F7
chew,1422C8BB
chew,E31775FF
chew,B790BC11
chew,765FD0A0
chew,CF9B5D36
chew,B6B85BE8
chew,80A38877
chew,65262E2C
chew,A5AEA5B0
chew,477B740A
chew,25FC898C
chew,B60701AC
chew,B7F29879
chew,4FC4DB91
chew,DDD64EAE
chew,8F4ABA6B
chew,E0C9EC47
chew,A3B2B85F
chew,A5611415
chew,33B7CE52
chew,B75CB0BF
chew,3A66BB3A
chew,3BBCFD59
chew,F198C4AC
chew,7AB38AFF
chew,63B7102F
chew,78CF62C5
chew,2007D544
chew,26633B53
chew,E0B7DBE4
chew,5246C273
eat,EA847C90
eat,0132C83C
eat,58A7D204
eat,42EADE70
eat,29162A2C
eat,EF1C1EC2
eat,5A9F82E8
eat,9D1AC08F
eat,AD368F05
eat,843093C3
eat,23BBF2F8
eat,D23E811E
eat,E9B7D4E7
eat,0B487133
eat,A42C0F3F
eat,1791E719
eat,626A889D
eat,C8CBCEB3
eat,62BA6983
eat,42878FA2
eat,D434F044
eat,90A09D91
eat,CC13C3E3
eat,2BB694C0
eat,08BB7529
eat,9EE3F30F
eat,11F5477D
eat,D9E2A56E
eat,A010AB22
eat,21BB562D
eat,0D539CA1
eat,735411AE
eat,28BB7468
eat,CE14FF6E
eat,AA435436
eat,DA27BE4C
situp,07C00216
situp,CF58AA66
situp,579A6BC0
situp,05AFA064
situp,BB0FBCC7
situp,D1542C5A
situp,10ADC748
situp,94D33B54
situp,D5584FAB
situp,FA2BF67C
situp,D3890AD7
situp,50F850A0
situp,6ECDB60D
situp,79438A65
situp,5CF3AC3B
situp,C3ACDBE1
situp,EB59F283
situp,B76F17BE
situp,BF289BC0
situp,B009D447
situp,9F77CBA2
situp,419E30B6
situp,0FC0420A
situp,71BAB7E7
situp,89D57EA0
situp,3571B4A9
situp,D8F13E27
situp,A9E9F282
situp,06114D01
situp,5C1968D8
situp,88EF112D
situp,950E8149
situp,778BFB64
situp,469880EF
situp,7FCD3909
situp,CD5975E4
pour,1FD469AC
pour,D11EB209
pour,DC13AD0D
pour,10D3F283
pour,8AA92906
pour,0665820A
pour,E389652D
pour,FB833B1C
pour,CA4DC2D7
pour,B3FAD664
pour,A8ADD821
pour,FA8CD5DC
pour,01544FF5
pour,4B3CC043
pour,414A4965
pour,A4453038
pour,38517C54
pour,9EBAF4B9
pour,499D11B8
pour,D2922B9D
pour,E2D50030
pour,AD87012E
pour,9C48DE21
pour,F8F9A76A
pour,1A0C88E1
pour,C84B3D27
pour,40E17BF8
pour,555D965C
pour,F686ED41
pour,78E59282
pour,A9370721
pour,B0377BEC
pour,7E7F4574
pour,30130E50
pour,5F4E577E
pour,AD6AB6AA
